airline,date_of_journey,source,destination,dep_time,arrival_time,duration,total_stops,additional_info,price
Jet Airways,2019-06-03,Delhi,Cochin,07:05:00,19:00:00,715,1.0,No Info,14924
Jet Airways,2019-04-03,Banglore,Delhi,08:20:00,11:20:00,180,0.0,No Info,7229
Jet Airways,2019-03-12,Mumbai,Hyderabad,19:40:00,21:10:00,90,0.0,No Info,5678
Air India,2019-05-15,Delhi,Cochin,05:15:00,06:50:00,1535,1.0,No Info,8425
Indigo,2019-05-09,Delhi,Cochin,16:00:00,01:30:00,570,1.0,No Info,9274
Air India,2019-03-21,Delhi,Cochin,17:15:00,19:15:00,1560,2.0,No Info,8245
Indigo,2019-05-01,Delhi,Cochin,07:30:00,21:00:00,810,1.0,No Info,8542
Indigo,2019-05-18,Delhi,Cochin,08:35:00,16:10:00,455,1.0,No Info,6442
Multiple Carriers,2019-05-18,Delhi,Cochin,06:00:00,21:00:00,900,1.0,No Info,7670
Indigo,2019-03-15,Chennai,Kolkata,11:35:00,14:00:00,145,0.0,No Info,6297
Multiple Carriers,2019-06-06,Delhi,Cochin,09:45:00,22:30:00,765,1.0,No Info,9646
Indigo,2019-05-21,Delhi,Cochin,06:50:00,12:10:00,320,1.0,No Info,5530
Jet Airways,2019-06-06,Kolkata,Banglore,09:35:00,14:25:00,1730,1.0,No Info,12692
Indigo,2019-03-24,Banglore,New Delhi,22:20:00,01:10:00,170,0.0,No Info,4377
Jet Airways,2019-05-21,Kolkata,Banglore,06:30:00,12:00:00,330,1.0,In-flight meal not included,9663
Jet Airways,2019-05-21,Delhi,Cochin,05:30:00,04:25:00,1375,2.0,No Info,15129
Multiple Carriers,2019-05-15,Delhi,Cochin,10:00:00,21:00:00,660,1.0,No Info,8073
Jet Airways,2019-06-24,Delhi,Cochin,09:00:00,04:25:00,1165,1.0,In-flight meal not included,10262
Jet Airways,2019-06-03,Delhi,Cochin,16:00:00,12:35:00,1235,1.0,No Info,14714
Air India,2019-06-15,Delhi,Cochin,10:55:00,07:40:00,1245,2.0,No Info,11753
Jet Airways,2019-03-06,Delhi,Cochin,16:00:00,04:25:00,745,1.0,No Info,15764
Indigo,2019-05-03,Banglore,Delhi,23:30:00,02:20:00,170,0.0,No Info,4591
Jet Airways,2019-03-27,Mumbai,Hyderabad,07:10:00,08:35:00,85,0.0,In-flight meal not included,3205
Vistara,2019-05-12,Kolkata,Banglore,07:10:00,09:05:00,1555,1.0,No Info,9397
Indigo,2019-03-03,Delhi,Cochin,11:30:00,21:00:00,570,1.0,No Info,14871
Indigo,2019-05-01,Chennai,Kolkata,13:15:00,15:35:00,140,0.0,No Info,3597
Vistara,2019-03-24,Banglore,New Delhi,12:00:00,14:40:00,160,0.0,No Info,7608
Air Asia,2019-03-03,Banglore,New Delhi,23:25:00,02:10:00,165,0.0,No Info,6477
Indigo,2019-06-09,Delhi,Cochin,15:10:00,20:00:00,290,1.0,No Info,7060
Jet Airways,2019-06-01,Delhi,Cochin,05:30:00,19:00:00,810,2.0,No Info,13014
Jet Airways,2019-03-09,Banglore,New Delhi,05:45:00,08:15:00,1590,1.0,In-flight meal not included,9134
Indigo,2019-04-27,Banglore,Delhi,23:30:00,02:20:00,170,0.0,No Info,3943
Jet Airways,2019-05-12,Kolkata,Banglore,16:30:00,22:35:00,365,1.0,In-flight meal not included,10844
Air India,2019-03-06,Delhi,Cochin,09:00:00,19:15:00,615,1.0,No Info,15284
Jet Airways,2019-06-12,Delhi,Cochin,13:00:00,12:35:00,1415,1.0,In-flight meal not included,10262
Jet Airways,2019-03-12,Banglore,New Delhi,18:55:00,09:30:00,875,1.0,In-flight meal not included,11087
Indigo,2019-03-24,Chennai,Kolkata,22:05:00,00:25:00,140,0.0,No Info,5277
Indigo,2019-05-15,Delhi,Cochin,11:25:00,01:30:00,845,1.0,No Info,6979
Indigo,2019-06-24,Kolkata,Banglore,22:15:00,00:50:00,155,0.0,No Info,4804
Goair,2019-05-15,Kolkata,Banglore,16:40:00,00:15:00,455,1.0,No Info,7831
Jet Airways,2019-05-15,Kolkata,Banglore,18:55:00,10:05:00,910,1.0,No Info,14388
Air India,2019-05-15,Kolkata,Banglore,10:00:00,05:25:00,1165,2.0,No Info,14424
Indigo,2019-04-09,Delhi,Cochin,15:00:00,01:30:00,630,1.0,No Info,6270
Vistara,2019-06-12,Kolkata,Banglore,20:20:00,18:50:00,1350,1.0,No Info,8610
Indigo,2019-04-06,Banglore,Delhi,10:10:00,13:00:00,170,0.0,No Info,4423
Indigo,2019-03-27,Delhi,Cochin,02:35:00,08:30:00,355,1.0,No Info,7731
Jet Airways,2019-05-15,Kolkata,Banglore,17:00:00,22:05:00,1745,1.0,No Info,14151
Air India,2019-03-06,Delhi,Cochin,07:05:00,09:25:00,1580,2.0,No Info,9190
Indigo,2019-03-27,Delhi,Cochin,16:10:00,22:20:00,370,1.0,No Info,6412
Jet Airways,2019-06-03,Delhi,Cochin,21:50:00,04:25:00,395,1.0,No Info,16079
Indigo,2019-03-06,Delhi,Cochin,04:45:00,15:30:00,645,1.0,No Info,13611
Spicejet,2019-03-24,Banglore,New Delhi,09:35:00,12:30:00,175,0.0,No check-in baggage included,3873
Indigo,2019-04-06,Kolkata,Banglore,21:25:00,00:05:00,160,0.0,No Info,4174
Indigo,2019-05-21,Delhi,Cochin,07:15:00,12:30:00,315,1.0,No Info,5636
Indigo,2019-05-27,Delhi,Cochin,07:30:00,21:00:00,810,1.0,No Info,6526
Indigo,2019-06-21,Chennai,Kolkata,19:35:00,21:55:00,140,0.0,No Info,3597
Air India,2019-05-24,Kolkata,Banglore,12:00:00,21:50:00,590,2.0,No Info,9941
Air India,2019-03-01,Banglore,New Delhi,08:50:00,10:35:00,1545,2.0,No Info,31783
Indigo,2019-05-15,Banglore,Delhi,07:10:00,10:05:00,175,0.0,No Info,4823
Indigo,2019-05-27,Delhi,Cochin,10:35:00,01:30:00,895,1.0,No Info,6104
Indigo,2019-06-01,Delhi,Cochin,14:25:00,17:40:00,195,0.0,No Info,6015
Jet Airways,2019-06-27,Delhi,Cochin,07:05:00,12:35:00,330,1.0,No Info,14714
Air India,2019-04-06,Kolkata,Banglore,19:00:00,11:05:00,965,1.0,No Info,4437
Jet Airways,2019-06-27,Delhi,Cochin,19:30:00,12:35:00,1025,2.0,No Info,13764
Multiple Carriers,2019-06-12,Delhi,Cochin,18:00:00,01:30:00,450,1.0,No Info,7198
Indigo,2019-05-15,Kolkata,Banglore,09:35:00,12:20:00,165,0.0,No Info,4804
Multiple Carriers,2019-06-06,Delhi,Cochin,11:30:00,21:00:00,570,1.0,No Info,13587
Air India,2019-05-24,Delhi,Cochin,22:00:00,19:15:00,1275,2.0,No Info,10441
Jet Airways,2019-06-15,Delhi,Cochin,02:15:00,04:25:00,1570,1.0,In-flight meal not included,10262
Jet Airways,2019-06-03,Delhi,Cochin,09:40:00,12:35:00,1615,2.0,No Info,13014
Air India,2019-06-01,Delhi,Cochin,07:00:00,19:15:00,735,1.0,No Info,9929
Jet Airways,2019-05-06,Mumbai,Hyderabad,10:20:00,11:50:00,90,0.0,In-flight meal not included,4995
Multiple Carriers,2019-03-21,Delhi,Cochin,15:15:00,01:35:00,620,1.0,No Info,7695
Jet Airways,2019-04-15,Banglore,Delhi,17:45:00,20:45:00,180,0.0,No Info,7229
Jet Airways,2019-06-12,Delhi,Cochin,09:25:00,12:35:00,1630,2.0,No Info,13882
Jet Airways,2019-06-06,Kolkata,Banglore,21:10:00,09:20:00,730,1.0,No Info,14571
Air India,2019-06-27,Mumbai,Hyderabad,13:55:00,15:25:00,90,0.0,No Info,3100
Jet Airways,2019-06-15,Delhi,Cochin,11:00:00,14:15:00,195,0.0,No Info,9564
Indigo,2019-03-09,Delhi,Cochin,07:30:00,21:00:00,810,1.0,No Info,12351
Jet Airways,2019-05-21,Kolkata,Banglore,10:20:00,17:35:00,435,1.0,No Info,8355
Jet Airways,2019-06-27,Delhi,Cochin,21:50:00,12:35:00,885,1.0,In-flight meal not included,10262
Indigo,2019-06-01,Mumbai,Hyderabad,21:20:00,22:50:00,90,0.0,No Info,2227
Indigo,2019-04-12,Banglore,Delhi,01:30:00,04:15:00,165,0.0,No Info,4591
Jet Airways,2019-05-09,Kolkata,Banglore,16:30:00,10:05:00,1055,1.0,No Info,13941
Jet Airways,2019-05-24,Banglore,Delhi,15:15:00,18:10:00,175,0.0,In-flight meal not included,4544
Jet Airways,2019-05-21,Delhi,Cochin,22:50:00,04:25:00,335,1.0,In-flight meal not included,12898
Air India,2019-06-12,Kolkata,Banglore,09:10:00,11:05:00,1555,2.0,No Info,6117
Vistara,2019-03-18,Chennai,Kolkata,07:05:00,09:20:00,135,0.0,No Info,4842
Indigo,2019-05-15,Delhi,Cochin,16:00:00,01:30:00,570,1.0,No Info,7923
Multiple Carriers,2019-05-15,Delhi,Cochin,06:40:00,19:00:00,740,1.0,No Info,9315
Jet Airways,2019-03-12,Banglore,New Delhi,18:55:00,11:25:00,990,1.0,In-flight meal not included,11087
Indigo,2019-05-09,Kolkata,Banglore,08:10:00,13:00:00,290,1.0,No Info,5069
Indigo,2019-03-15,Banglore,New Delhi,04:00:00,06:50:00,170,0.0,No Info,5694
Jet Airways,2019-05-21,Kolkata,Banglore,06:30:00,16:20:00,590,1.0,In-flight meal not included,10844
Jet Airways,2019-06-18,Delhi,Cochin,09:50:00,13:05:00,195,0.0,No Info,9564
Jet Airways,2019-05-15,Kolkata,Banglore,06:30:00,12:00:00,330,1.0,No Info,14388
Air India,2019-03-15,Kolkata,Banglore,20:45:00,23:20:00,155,0.0,No Info,4435
Multiple Carriers,2019-06-09,Delhi,Cochin,17:50:00,01:30:00,460,2.0,No Info,18485
Indigo,2019-06-12,Chennai,Kolkata,14:45:00,17:05:00,140,0.0,No Info,3597
Indigo,2019-03-01,Kolkata,Banglore,15:20:00,17:55:00,155,0.0,No Info,6565
Jet Airways,2019-06-03,Banglore,Delhi,06:00:00,08:45:00,165,0.0,In-flight meal not included,5769
Air India,2019-03-24,Kolkata,Banglore,05:55:00,23:15:00,1040,3.0,No Info,15145
Air India,2019-05-24,Kolkata,Banglore,05:50:00,23:15:00,1045,2.0,No Info,12723
Jet Airways,2019-03-27,Delhi,Cochin,16:00:00,19:45:00,1665,1.0,In-flight meal not included,5963
Air India,2019-04-24,Banglore,Delhi,06:10:00,08:55:00,165,0.0,No Info,5228
Vistara,2019-05-18,Kolkata,Banglore,07:10:00,20:20:00,790,1.0,No Info,9345
Jet Airways,2019-06-01,Delhi,Cochin,18:25:00,04:25:00,600,2.0,No Info,14237
Jet Airways,2019-03-06,Delhi,Cochin,19:10:00,04:25:00,1995,2.0,No Info,20694
Jet Airways,2019-06-24,Delhi,Cochin,22:50:00,04:25:00,335,1.0,No Info,14714
Multiple Carriers,2019-05-27,Delhi,Cochin,16:00:00,01:30:00,570,1.0,No Info,13377
Indigo,2019-03-24,Banglore,New Delhi,04:00:00,06:50:00,170,0.0,No Info,5694
Jet Airways,2019-05-18,Mumbai,Hyderabad,07:05:00,08:30:00,85,0.0,No Info,5678
Air India,2019-05-24,Kolkata,Banglore,09:50:00,08:55:00,1385,2.0,No Info,15170
Indigo,2019-05-18,Chennai,Kolkata,15:40:00,18:25:00,165,0.0,No Info,3850
Air Asia,2019-05-12,Kolkata,Banglore,06:50:00,10:30:00,220,1.0,No Info,5162
Jet Airways,2019-05-18,Delhi,Cochin,09:40:00,04:25:00,1125,2.0,No Info,15129
Jet Airways,2019-05-21,Kolkata,Banglore,18:55:00,12:00:00,1025,1.0,In-flight meal not included,10844
Spicejet,2019-06-03,Chennai,Kolkata,08:20:00,10:35:00,135,0.0,No Info,3597
Multiple Carriers,2019-03-21,Delhi,Cochin,07:00:00,13:20:00,380,1.0,No Info,9042
Jet Airways,2019-03-06,Banglore,New Delhi,14:05:00,09:00:00,1135,1.0,No Info,17261
Indigo,2019-03-03,Mumbai,Hyderabad,02:30:00,04:00:00,90,0.0,No Info,4575
Spicejet,2019-05-09,Kolkata,Banglore,06:55:00,09:30:00,155,0.0,No Info,3873
Jet Airways,2019-05-09,Delhi,Cochin,07:05:00,12:35:00,330,1.0,In-flight meal not included,12373
Air India,2019-05-24,Kolkata,Banglore,09:50:00,21:05:00,675,1.0,No Info,7662
Indigo,2019-06-27,Delhi,Cochin,23:30:00,04:35:00,305,1.0,No Info,9165
Indigo,2019-06-15,Delhi,Cochin,18:35:00,01:30:00,415,1.0,No Info,5883
Air India,2019-06-27,Delhi,Cochin,13:30:00,23:00:00,570,1.0,No Info,8907
Indigo,2019-03-03,Delhi,Cochin,10:45:00,15:30:00,285,1.0,No Info,7725
Jet Airways,2019-05-21,Kolkata,Banglore,17:00:00,10:55:00,1075,1.0,No Info,14151
Jet Airways,2019-05-01,Kolkata,Banglore,14:05:00,12:00:00,1315,1.0,No Info,14388
Air India,2019-04-09,Delhi,Cochin,08:00:00,19:15:00,675,1.0,No Info,6377
Jet Airways,2019-04-21,Banglore,Delhi,18:55:00,22:00:00,185,0.0,In-flight meal not included,4544
Jet Airways,2019-06-01,Delhi,Cochin,20:00:00,04:25:00,505,2.0,No Info,16263
Jet Airways,2019-04-03,Delhi,Cochin,14:00:00,12:35:00,1355,1.0,In-flight meal not included,5177
Multiple Carriers,2019-05-09,Delhi,Cochin,06:40:00,19:15:00,755,1.0,No Info,7787
Jet Airways,2019-03-27,Delhi,Cochin,16:00:00,19:45:00,1665,1.0,No Info,12032
Jet Airways,2019-03-24,Kolkata,Banglore,18:55:00,16:20:00,1285,1.0,No Info,14231
Jet Airways,2019-05-15,Kolkata,Banglore,14:05:00,23:35:00,570,1.0,No Info,13941
Indigo,2019-06-24,Delhi,Cochin,05:05:00,12:10:00,425,1.0,No Info,6442
Spicejet,2019-05-09,Delhi,Cochin,08:45:00,13:15:00,270,1.0,No check-in baggage included,4760
Indigo,2019-06-27,Delhi,Cochin,06:40:00,21:00:00,860,1.0,No Info,6093
Air India,2019-05-18,Delhi,Cochin,09:00:00,07:40:00,1360,1.0,No Info,8372
Jet Airways,2019-06-06,Kolkata,Banglore,09:35:00,19:10:00,575,1.0,In-flight meal not included,13469
Jet Airways,2019-03-12,Banglore,New Delhi,22:55:00,12:25:00,810,1.0,In-flight meal not included,11087
Air India,2019-03-01,Banglore,New Delhi,09:30:00,23:45:00,855,1.0,No Info,12704
Air India,2019-04-06,Delhi,Cochin,06:05:00,09:25:00,1640,1.0,No Info,4487
Air India,2019-05-21,Delhi,Cochin,18:45:00,19:15:00,1470,2.0,No Info,12257
Jet Airways,2019-03-12,Banglore,New Delhi,16:55:00,10:45:00,1070,1.0,No Info,13817
Jet Airways,2019-06-06,Kolkata,Banglore,14:05:00,23:35:00,570,1.0,No Info,14571
Air India,2019-03-15,Banglore,New Delhi,08:50:00,15:15:00,385,1.0,No Info,8714
Jet Airways,2019-03-27,Delhi,Cochin,19:10:00,04:25:00,1995,2.0,No Info,10929
Spicejet,2019-03-01,Banglore,New Delhi,15:35:00,23:40:00,485,1.0,1 Long layover,7744
Vistara,2019-05-21,Kolkata,Banglore,07:10:00,09:05:00,1555,1.0,No Info,8452
Jet Airways,2019-03-06,Banglore,New Delhi,11:40:00,09:30:00,1310,1.0,No Info,17261
Multiple Carriers,2019-06-09,Delhi,Cochin,09:00:00,21:00:00,720,1.0,No Info,7408
Jet Airways,2019-05-21,Kolkata,Banglore,16:30:00,23:35:00,425,1.0,No Info,14781
Jet Airways,2019-06-09,Kolkata,Banglore,08:25:00,04:40:00,1215,1.0,No Info,13731
Air Asia,2019-04-09,Banglore,Delhi,23:55:00,02:45:00,170,0.0,No Info,4483
Jet Airways,2019-03-27,Delhi,Cochin,09:55:00,04:25:00,1110,1.0,In-flight meal not included,6540
Spicejet,2019-05-09,Banglore,Delhi,09:30:00,12:20:00,170,0.0,No check-in baggage included,4885
Jet Airways,2019-03-06,Delhi,Cochin,19:10:00,18:50:00,2860,2.0,No Info,20694
Multiple Carriers,2019-06-27,Delhi,Cochin,13:00:00,21:00:00,480,1.0,No Info,7408
Spicejet,2019-06-09,Mumbai,Hyderabad,22:45:00,00:15:00,90,0.0,No check-in baggage included,1965
Jet Airways,2019-05-21,Delhi,Cochin,20:55:00,04:25:00,450,1.0,In-flight meal not included,12898
Indigo,2019-06-15,Delhi,Cochin,08:30:00,21:00:00,750,1.0,No Info,6416
Jet Airways,2019-06-12,Delhi,Cochin,18:20:00,19:00:00,1480,2.0,No Info,14300
Air India,2019-06-21,Mumbai,Hyderabad,15:00:00,16:25:00,85,0.0,No Info,3100
Jet Airways,2019-03-09,Delhi,Cochin,11:00:00,14:15:00,195,0.0,No Info,9564
Vistara,2019-04-01,Kolkata,Banglore,07:10:00,09:05:00,1555,1.0,No Info,7980
Jet Airways,2019-05-21,Kolkata,Banglore,06:30:00,18:15:00,705,1.0,No Info,14781
Jet Airways,2019-06-15,Banglore,Delhi,06:00:00,08:45:00,165,0.0,In-flight meal not included,7229
Air Asia,2019-03-09,Banglore,New Delhi,05:50:00,08:40:00,170,0.0,No Info,7652
Indigo,2019-03-27,Delhi,Cochin,08:25:00,21:00:00,755,1.0,No Info,8285
Air Asia,2019-03-03,Banglore,New Delhi,05:50:00,08:40:00,170,0.0,No Info,7074
Air India,2019-03-15,Banglore,New Delhi,13:50:00,22:10:00,500,1.0,No Info,9166
Jet Airways,2019-05-24,Kolkata,Banglore,06:30:00,18:15:00,705,1.0,No Info,14571
Multiple Carriers,2019-06-01,Delhi,Cochin,10:20:00,01:30:00,910,1.0,No Info,6795
Jet Airways,2019-05-01,Banglore,Delhi,07:10:00,10:10:00,180,0.0,No Info,7229
Goair,2019-04-15,Delhi,Cochin,10:35:00,19:35:00,540,1.0,No Info,5752
Jet Airways,2019-06-24,Delhi,Cochin,22:50:00,12:35:00,825,1.0,In-flight meal not included,10262
Multiple Carriers,2019-03-27,Delhi,Cochin,15:15:00,01:35:00,620,1.0,No Info,6427
Spicejet,2019-05-21,Mumbai,Hyderabad,13:15:00,14:45:00,90,0.0,No Info,2017
Jet Airways,2019-06-24,Delhi,Cochin,13:00:00,12:35:00,1415,1.0,In-flight meal not included,10262
Indigo,2019-05-06,Delhi,Cochin,07:30:00,21:00:00,810,1.0,No Info,7191
Air India,2019-03-09,Delhi,Cochin,20:30:00,23:00:00,1590,1.0,No Info,8119
Jet Airways,2019-06-03,Delhi,Cochin,19:15:00,19:00:00,1425,1.0,No Info,14714
Jet Airways,2019-05-01,Kolkata,Banglore,06:30:00,16:20:00,590,1.0,No Info,14781
Air India,2019-05-06,Kolkata,Banglore,10:00:00,10:30:00,1470,3.0,No Info,12797
Jet Airways,2019-03-18,Banglore,New Delhi,14:05:00,07:40:00,1055,1.0,In-flight meal not included,10972
Spicejet,2019-04-24,Kolkata,Banglore,22:20:00,00:40:00,140,0.0,No Info,3873
Jet Airways,2019-06-21,Banglore,Delhi,17:45:00,20:45:00,180,0.0,In-flight meal not included,7754
Jet Airways,2019-03-09,Banglore,New Delhi,19:55:00,22:35:00,160,0.0,No Info,7229
Vistara,2019-03-06,Mumbai,Hyderabad,15:40:00,16:45:00,1505,1.0,No Info,12395
Jet Airways,2019-05-21,Delhi,Cochin,16:00:00,12:35:00,1235,1.0,In-flight meal not included,12898
Jet Airways,2019-04-01,Kolkata,Banglore,20:00:00,19:50:00,1430,1.0,In-flight meal not included,7064
Jet Airways,2019-06-09,Kolkata,Banglore,08:25:00,16:20:00,475,1.0,No Info,14571
Vistara,2019-06-06,Kolkata,Banglore,17:00:00,09:05:00,965,1.0,No Info,8452
Jet Airways,2019-06-09,Banglore,Delhi,11:10:00,14:05:00,175,0.0,No Info,8016
Jet Airways,2019-05-09,Delhi,Cochin,05:30:00,04:25:00,1375,2.0,In-flight meal not included,13029
Jet Airways,2019-06-12,Kolkata,Banglore,14:05:00,16:20:00,1575,1.0,In-flight meal not included,8529
Multiple Carriers,2019-05-27,Delhi,Cochin,11:30:00,01:30:00,840,1.0,In-flight meal not included,6733
Jet Airways,2019-05-18,Kolkata,Banglore,18:55:00,04:40:00,585,1.0,In-flight meal not included,8586
Indigo,2019-06-03,Chennai,Kolkata,07:55:00,10:15:00,140,0.0,No Info,3850
Spicejet,2019-05-15,Kolkata,Banglore,09:00:00,11:25:00,145,0.0,No check-in baggage included,3841
Jet Airways,2019-05-01,Kolkata,Banglore,09:35:00,09:45:00,1450,1.0,No Info,11467
Indigo,2019-05-24,Banglore,Delhi,01:30:00,04:15:00,165,0.0,No Info,3419
Multiple Carriers,2019-05-09,Delhi,Cochin,07:30:00,19:15:00,705,1.0,No Info,7787
Jet Airways,2019-05-27,Delhi,Cochin,18:15:00,19:00:00,1485,1.0,No Info,16079
Vistara,2019-05-09,Kolkata,Banglore,20:20:00,09:05:00,765,1.0,No Info,9187
Air India,2019-06-09,Kolkata,Banglore,05:50:00,20:25:00,875,2.0,No Info,11201
Indigo,2019-04-12,Banglore,Delhi,18:55:00,21:50:00,175,0.0,No Info,5780
Jet Airways,2019-05-18,Delhi,Cochin,14:00:00,19:00:00,300,1.0,No Info,15554
Multiple Carriers,2019-06-15,Delhi,Cochin,14:55:00,22:30:00,455,1.0,In-flight meal not included,6093
Jet Airways,2019-06-06,Kolkata,Banglore,20:25:00,09:45:00,800,1.0,No Info,12692
Jet Airways,2019-03-03,Mumbai,Hyderabad,02:55:00,04:25:00,90,0.0,No Info,5678
Jet Airways,2019-03-01,Banglore,New Delhi,11:40:00,11:25:00,1425,1.0,No Info,25735
Jet Airways,2019-06-15,Delhi,Cochin,09:35:00,12:35:00,1620,2.0,In-flight meal not included,10824
Jet Airways,2019-03-21,Delhi,Cochin,16:00:00,18:50:00,1610,1.0,No Info,12557
Multiple Carriers,2019-05-15,Delhi,Cochin,13:00:00,01:30:00,750,1.0,No Info,13727
Vistara,2019-06-09,Kolkata,Banglore,20:20:00,20:20:00,1440,1.0,No Info,8085
Air India,2019-05-27,Delhi,Cochin,05:15:00,06:50:00,1535,1.0,No Info,8425
Multiple Carriers,2019-06-03,Delhi,Cochin,19:00:00,01:30:00,390,1.0,No Info,7198
Indigo,2019-04-03,Banglore,Delhi,01:30:00,04:15:00,165,0.0,No Info,3419
Jet Airways,2019-05-15,Kolkata,Banglore,18:55:00,12:00:00,1025,1.0,In-flight meal not included,10844
Indigo,2019-04-15,Delhi,Cochin,05:05:00,16:10:00,665,1.0,No Info,6171
Indigo,2019-03-03,Banglore,New Delhi,18:25:00,21:20:00,175,0.0,No Info,7648
Jet Airways,2019-05-18,Kolkata,Banglore,09:35:00,19:10:00,575,1.0,In-flight meal not included,12384
Air India,2019-03-18,Kolkata,Banglore,20:45:00,23:20:00,155,0.0,No Info,4435
Multiple Carriers,2019-06-01,Delhi,Cochin,13:00:00,01:30:00,750,1.0,No Info,7723
Jet Airways,2019-06-03,Banglore,Delhi,15:15:00,18:10:00,175,0.0,No Info,8016
Indigo,2019-04-24,Kolkata,Banglore,17:15:00,19:50:00,155,0.0,No Info,4804
Jet Airways,2019-06-27,Delhi,Cochin,02:15:00,19:00:00,1005,1.0,In-flight meal not included,10262
Goair,2019-05-27,Delhi,Cochin,07:00:00,12:55:00,355,1.0,No Info,5752
Jet Airways,2019-03-24,Kolkata,Banglore,19:45:00,22:35:00,1610,1.0,No Info,13759
Air Asia,2019-05-03,Banglore,Delhi,23:55:00,02:45:00,170,0.0,No Info,4483
Indigo,2019-04-21,Banglore,Delhi,23:30:00,02:20:00,170,0.0,No Info,4591
Jet Airways,2019-03-09,Banglore,New Delhi,08:55:00,15:55:00,420,2.0,No Info,23001
Multiple Carriers,2019-05-27,Delhi,Cochin,14:00:00,21:00:00,420,1.0,In-flight meal not included,7153
Air India,2019-03-21,Delhi,Cochin,13:20:00,19:15:00,1795,2.0,No Info,8708
Air India,2019-06-06,Mumbai,Hyderabad,13:55:00,15:25:00,90,0.0,No Info,3625
Indigo,2019-04-15,Banglore,Delhi,06:05:00,08:50:00,165,0.0,No Info,4423
Jet Airways,2019-03-21,Delhi,Cochin,10:45:00,18:50:00,1925,2.0,No Info,11869
Vistara,2019-04-09,Banglore,Delhi,11:30:00,14:20:00,170,0.0,No Info,5403
Jet Airways,2019-06-03,Delhi,Cochin,22:50:00,19:00:00,1210,1.0,In-flight meal not included,10262
Indigo,2019-06-03,Delhi,Cochin,05:35:00,08:50:00,195,0.0,No Info,5601
Indigo,2019-06-03,Delhi,Cochin,11:25:00,21:00:00,575,1.0,No Info,6093
Spicejet,2019-06-09,Kolkata,Banglore,09:00:00,11:25:00,145,0.0,No Info,4174
Indigo,2019-03-15,Kolkata,Banglore,21:25:00,00:05:00,160,0.0,No Info,4148
Multiple Carriers,2019-05-09,Delhi,Cochin,17:30:00,01:30:00,480,1.0,No Info,15078
Air Asia,2019-03-24,Banglore,New Delhi,23:25:00,02:10:00,165,0.0,No Info,3383
Air India,2019-05-15,Banglore,Delhi,06:10:00,08:55:00,165,0.0,No Info,6961
Air India,2019-04-01,Kolkata,Banglore,10:00:00,01:20:00,920,2.0,No Info,10408
Air India,2019-06-06,Kolkata,Banglore,12:00:00,11:10:00,1390,2.0,No Info,9416
Jet Airways,2019-04-12,Banglore,Delhi,06:00:00,08:45:00,165,0.0,In-flight meal not included,5198
Jet Airways,2019-05-21,Kolkata,Banglore,20:25:00,14:25:00,1080,1.0,No Info,11467
Spicejet,2019-04-12,Banglore,Delhi,09:30:00,12:20:00,170,0.0,No Info,4991
Multiple Carriers,2019-05-18,Delhi,Cochin,09:45:00,22:30:00,765,1.0,No Info,10348
Multiple Carriers,2019-05-21,Delhi,Cochin,14:55:00,00:55:00,600,1.0,No Info,6878
Air India,2019-06-06,Delhi,Cochin,09:45:00,23:00:00,795,1.0,No Info,8907
Indigo,2019-06-09,Kolkata,Banglore,21:25:00,00:05:00,160,0.0,No Info,4804
Jet Airways,2019-06-15,Banglore,Delhi,15:15:00,18:10:00,175,0.0,In-flight meal not included,7229
Jet Airways,2019-06-27,Delhi,Cochin,21:50:00,19:00:00,1270,1.0,In-flight meal not included,10262
Indigo,2019-03-06,Delhi,Cochin,17:30:00,01:35:00,485,1.0,No Info,14871
Jet Airways,2019-05-18,Kolkata,Banglore,16:30:00,23:35:00,425,1.0,In-flight meal not included,10844
Vistara,2019-05-01,Kolkata,Banglore,07:10:00,18:50:00,700,1.0,No Info,9345
Air Asia,2019-06-12,Kolkata,Banglore,06:50:00,10:30:00,220,1.0,No Info,5162
Indigo,2019-05-21,Delhi,Cochin,10:35:00,21:00:00,625,1.0,No Info,6794
Multiple Carriers,2019-06-03,Delhi,Cochin,07:00:00,21:00:00,840,1.0,No Info,7618
Multiple Carriers,2019-03-09,Delhi,Cochin,06:40:00,19:45:00,785,1.0,No Info,12615
Jet Airways,2019-06-09,Kolkata,Banglore,21:10:00,10:05:00,775,1.0,No Info,14939
Indigo,2019-04-27,Banglore,Delhi,13:00:00,15:50:00,170,0.0,No Info,4423
Jet Airways,2019-05-06,Kolkata,Banglore,18:55:00,08:15:00,800,1.0,In-flight meal not included,7757
Indigo,2019-03-27,Mumbai,Hyderabad,09:10:00,10:40:00,90,0.0,No Info,4392
Jet Airways,2019-05-27,Delhi,Cochin,19:10:00,19:00:00,1430,2.0,No Info,15129
Indigo,2019-03-06,Delhi,Cochin,02:05:00,07:25:00,320,1.0,No Info,10851
Air India,2019-03-21,Delhi,Cochin,16:40:00,19:15:00,1595,2.0,No Info,8236
Spicejet,2019-05-24,Banglore,Delhi,05:55:00,08:35:00,160,0.0,No Info,3311
Multiple Carriers,2019-05-27,Delhi,Cochin,18:15:00,01:30:00,435,1.0,No Info,13377
Multiple Carriers,2019-06-06,Delhi,Cochin,11:40:00,21:00:00,560,1.0,No Info,7005
Spicejet,2019-05-01,Kolkata,Banglore,06:55:00,09:30:00,155,0.0,No check-in baggage included,3841
Jet Airways,2019-03-06,Banglore,New Delhi,21:25:00,05:05:00,460,1.0,No Info,19225
Jet Airways,2019-06-03,Delhi,Cochin,11:30:00,04:25:00,1015,1.0,In-flight meal not included,11627
Air India,2019-05-06,Kolkata,Banglore,16:50:00,15:05:00,1335,2.0,No Info,12434
Spicejet,2019-03-21,Kolkata,Banglore,17:15:00,19:45:00,150,0.0,No check-in baggage included,3815
Jet Airways,2019-06-24,Delhi,Cochin,10:00:00,19:00:00,540,1.0,In-flight meal not included,10262
Air India,2019-03-01,Banglore,New Delhi,00:30:00,20:30:00,1200,1.0,1 Long layover,14752
Jet Airways,2019-06-06,Kolkata,Banglore,10:20:00,17:35:00,435,1.0,No Info,11316
Jet Airways,2019-06-27,Delhi,Cochin,22:50:00,04:25:00,335,1.0,No Info,16079
Spicejet,2019-05-01,Chennai,Kolkata,09:45:00,12:00:00,135,0.0,No check-in baggage included,3543
Jet Airways,2019-05-27,Delhi,Cochin,23:05:00,04:25:00,1760,2.0,No Info,15129
Multiple Carriers,2019-03-09,Delhi,Cochin,02:15:00,12:55:00,640,1.0,In-flight meal not included,18260
Multiple Carriers,2019-06-27,Delhi,Cochin,07:30:00,19:15:00,705,1.0,No Info,8266
Jet Airways,2019-06-03,Delhi,Cochin,15:00:00,19:00:00,1680,1.0,No Info,14714
Air India,2019-05-18,Kolkata,Banglore,08:20:00,18:30:00,610,2.0,No Info,10907
Multiple Carriers,2019-06-15,Delhi,Cochin,08:00:00,21:00:00,780,1.0,No Info,13587
Air India,2019-04-06,Delhi,Cochin,17:20:00,09:25:00,965,1.0,No Info,4697
Air India,2019-03-03,Banglore,New Delhi,08:15:00,08:50:00,1475,1.0,No Info,6781
Air India,2019-03-15,Banglore,New Delhi,05:50:00,12:05:00,1815,2.0,No Info,7664
Indigo,2019-06-09,Chennai,Kolkata,13:15:00,15:35:00,140,0.0,No Info,3597
Spicejet,2019-03-09,Chennai,Kolkata,08:20:00,10:35:00,135,0.0,No Info,6300
Jet Airways,2019-03-18,Banglore,New Delhi,11:40:00,05:05:00,1045,1.0,In-flight meal not included,11087
Indigo,2019-03-03,Banglore,New Delhi,06:00:00,08:45:00,165,0.0,No Info,6144
Spicejet,2019-03-24,Mumbai,Hyderabad,22:45:00,00:10:00,85,0.0,No check-in baggage included,2175
Indigo,2019-06-03,Delhi,Cochin,11:25:00,01:30:00,845,1.0,No Info,5883
Jet Airways,2019-05-18,Kolkata,Banglore,14:05:00,22:35:00,510,1.0,In-flight meal not included,10844
Jet Airways,2019-06-24,Delhi,Cochin,19:30:00,04:25:00,535,2.0,No Info,13014
Multiple Carriers,2019-05-21,Delhi,Cochin,02:15:00,11:50:00,575,1.0,No Info,14067
Jet Airways,2019-03-21,Mumbai,Hyderabad,07:10:00,08:35:00,85,0.0,No Info,8040
Jet Airways,2019-06-03,Delhi,Cochin,09:00:00,19:00:00,600,1.0,No Info,14714
Jet Airways,2019-03-27,Delhi,Cochin,06:20:00,04:25:00,1325,2.0,In-flight meal not included,9296
Indigo,2019-03-06,Chennai,Kolkata,19:35:00,21:55:00,140,0.0,No Info,7295
Jet Airways,2019-03-21,Banglore,New Delhi,08:00:00,21:20:00,800,1.0,In-flight meal not included,7832
Jet Airways,2019-03-12,Banglore,New Delhi,18:55:00,12:25:00,1050,1.0,In-flight meal not included,11087
Jet Airways,2019-03-12,Banglore,New Delhi,20:35:00,16:10:00,1175,1.0,In-flight meal not included,11087
Indigo,2019-06-01,Delhi,Cochin,06:50:00,16:10:00,560,1.0,No Info,6442
Multiple Carriers,2019-05-21,Delhi,Cochin,15:00:00,01:30:00,630,1.0,No Info,14067
Indigo,2019-03-24,Kolkata,Banglore,14:30:00,20:10:00,340,1.0,No Info,9413
Indigo,2019-06-06,Banglore,Delhi,18:25:00,21:20:00,175,0.0,No Info,4823
Indigo,2019-06-27,Banglore,Delhi,18:55:00,21:50:00,175,0.0,No Info,4990
Air India,2019-06-27,Kolkata,Banglore,14:15:00,16:45:00,150,0.0,No Info,5510
Indigo,2019-04-03,Mumbai,Hyderabad,16:55:00,18:25:00,90,0.0,No Info,3175
Jet Airways,2019-05-06,Kolkata,Banglore,20:00:00,10:05:00,845,1.0,No Info,14388
Spicejet,2019-05-09,Mumbai,Hyderabad,13:15:00,14:45:00,90,0.0,No check-in baggage included,2175
Jet Airways,2019-06-09,Kolkata,Banglore,20:00:00,04:40:00,520,1.0,No Info,14178
Jet Airways,2019-06-12,Delhi,Cochin,21:50:00,04:25:00,395,1.0,No Info,14714
Jet Airways,2019-06-18,Banglore,Delhi,11:10:00,14:05:00,175,0.0,No Info,8016
Jet Airways,2019-06-06,Delhi,Cochin,11:45:00,04:25:00,1000,2.0,In-flight meal not included,11992
Indigo,2019-03-09,Banglore,New Delhi,01:30:00,04:15:00,165,0.0,No Info,4545
Jet Airways,2019-03-21,Delhi,Cochin,11:30:00,18:50:00,440,1.0,No Info,13244
Indigo,2019-03-15,Banglore,New Delhi,16:55:00,21:50:00,295,1.0,No Info,5397
Jet Airways,2019-06-01,Delhi,Cochin,09:35:00,04:25:00,1130,2.0,No Info,13292
Air India,2019-03-24,Kolkata,Banglore,05:50:00,13:40:00,470,2.0,No Info,8005
Indigo,2019-05-15,Kolkata,Banglore,22:15:00,00:50:00,155,0.0,No Info,4804
Jet Airways,2019-05-18,Delhi,Cochin,13:25:00,19:00:00,1775,2.0,No Info,16704
Jet Airways,2019-06-01,Delhi,Cochin,09:00:00,19:00:00,600,1.0,No Info,14714
Jet Airways,2019-05-27,Banglore,Delhi,15:15:00,18:10:00,175,0.0,In-flight meal not included,3502
Multiple Carriers,2019-05-21,Delhi,Cochin,11:40:00,01:30:00,830,1.0,No Info,7485
Jet Airways,2019-06-03,Delhi,Cochin,18:15:00,04:25:00,610,1.0,In-flight meal not included,10262
Jet Airways,2019-06-01,Delhi,Cochin,21:50:00,12:35:00,885,1.0,No Info,14714
Air India,2019-03-15,Banglore,New Delhi,10:30:00,22:55:00,745,1.0,No Info,6383
Indigo,2019-06-21,Delhi,Cochin,05:35:00,08:50:00,195,0.0,No Info,5000
Jet Airways,2019-04-24,Banglore,Delhi,15:15:00,18:10:00,175,0.0,No Info,7229
Jet Airways,2019-05-27,Delhi,Cochin,21:50:00,19:00:00,1270,1.0,In-flight meal not included,12898
Spicejet,2019-06-03,Chennai,Kolkata,09:45:00,12:00:00,135,0.0,No check-in baggage included,3859
Jet Airways,2019-06-06,Kolkata,Banglore,09:35:00,18:00:00,505,1.0,No Info,12692
Jet Airways,2019-05-18,Kolkata,Banglore,14:05:00,12:00:00,1315,1.0,No Info,14388
Jet Airways,2019-04-01,Kolkata,Banglore,21:10:00,08:15:00,665,1.0,No Info,13364
Multiple Carriers,2019-05-09,Delhi,Cochin,12:50:00,01:30:00,760,1.0,No Info,34273
Jet Airways,2019-05-01,Banglore,Delhi,17:45:00,20:45:00,180,0.0,In-flight meal not included,4030
Jet Airways,2019-06-12,Mumbai,Hyderabad,19:35:00,21:05:00,90,0.0,No Info,5678
Air India,2019-06-24,Delhi,Cochin,16:55:00,19:15:00,1580,2.0,No Info,13381
Jet Airways,2019-05-06,Kolkata,Banglore,18:55:00,16:20:00,1285,1.0,In-flight meal not included,7757
Vistara,2019-04-15,Banglore,Delhi,19:30:00,22:15:00,165,0.0,No Info,5613
Air Asia,2019-05-12,Banglore,Delhi,11:10:00,13:55:00,165,0.0,No Info,3383
Jet Airways,2019-06-12,Banglore,Delhi,18:55:00,22:00:00,185,0.0,In-flight meal not included,5769
Indigo,2019-05-27,Chennai,Kolkata,19:35:00,21:55:00,140,0.0,No Info,3597
Vistara,2019-04-24,Delhi,Cochin,06:00:00,09:10:00,190,0.0,No Info,6216
Goair,2019-05-09,Kolkata,Banglore,16:40:00,00:15:00,455,1.0,No Info,8777
Multiple Carriers,2019-03-27,Delhi,Cochin,07:05:00,15:30:00,505,1.0,No Info,12537
Jet Airways,2019-04-01,Kolkata,Banglore,16:30:00,18:15:00,1545,1.0,In-flight meal not included,7064
Indigo,2019-06-06,Kolkata,Banglore,09:35:00,12:10:00,155,0.0,No Info,4804
Jet Airways,2019-06-27,Delhi,Cochin,23:05:00,19:00:00,1195,2.0,No Info,12819
Air India,2019-03-06,Mumbai,Hyderabad,05:05:00,16:55:00,710,2.0,No Info,16697
Jet Airways,2019-06-09,Kolkata,Banglore,14:05:00,19:50:00,345,1.0,No Info,14571
Indigo,2019-03-01,Chennai,Kolkata,07:55:00,10:15:00,140,0.0,No Info,8580
Jet Airways,2019-05-12,Kolkata,Banglore,09:35:00,23:35:00,840,1.0,No Info,14151
Multiple Carriers,2019-06-15,Delhi,Cochin,11:40:00,01:30:00,830,1.0,No Info,6795
Jet Airways,2019-03-24,Kolkata,Banglore,06:30:00,23:25:00,1015,1.0,No Info,13339
Spicejet,2019-03-27,Delhi,Cochin,08:45:00,13:15:00,270,1.0,No check-in baggage included,4414
Air India,2019-03-09,Delhi,Cochin,21:40:00,07:40:00,600,1.0,No Info,13832
Jet Airways,2019-05-18,Delhi,Cochin,13:00:00,19:00:00,360,1.0,In-flight meal not included,12373
Multiple Carriers,2019-03-27,Delhi,Cochin,09:00:00,15:30:00,390,1.0,No Info,6673
Spicejet,2019-06-06,Banglore,Delhi,05:55:00,08:35:00,160,0.0,No check-in baggage included,3573
Spicejet,2019-06-09,Banglore,Delhi,21:10:00,00:05:00,175,0.0,No check-in baggage included,3919
Air India,2019-03-01,Banglore,New Delhi,00:30:00,23:55:00,1405,1.0,1 Long layover,12599
Spicejet,2019-03-09,Kolkata,Banglore,09:00:00,11:30:00,150,0.0,No Info,5515
Jet Airways,2019-05-09,Kolkata,Banglore,08:25:00,18:15:00,590,1.0,No Info,14781
Jet Airways,2019-06-09,Kolkata,Banglore,16:30:00,04:40:00,730,1.0,No Info,13731
Vistara,2019-06-21,Delhi,Cochin,14:40:00,17:50:00,190,0.0,No Info,6216
Jet Airways,2019-05-21,Delhi,Cochin,19:30:00,04:25:00,535,2.0,In-flight meal not included,13029
Multiple Carriers,2019-03-03,Delhi,Cochin,15:25:00,01:35:00,610,1.0,No Info,15147
Indigo,2019-03-06,Delhi,Cochin,11:30:00,21:00:00,570,1.0,No Info,14871
Jet Airways,2019-06-09,Delhi,Cochin,20:55:00,04:25:00,450,1.0,No Info,14924
Indigo,2019-03-27,Delhi,Cochin,06:40:00,21:20:00,880,2.0,No Info,6494
Spicejet,2019-03-27,Delhi,Cochin,15:55:00,21:55:00,360,1.0,No Info,5111
Indigo,2019-05-03,Banglore,Delhi,22:10:00,01:00:00,170,0.0,No Info,4284
Air India,2019-06-12,Kolkata,Banglore,20:30:00,20:25:00,1435,1.0,No Info,10203
Multiple Carriers,2019-05-21,Delhi,Cochin,07:10:00,18:10:00,660,1.0,No Info,7038
Indigo,2019-06-15,Mumbai,Hyderabad,12:00:00,13:30:00,90,0.0,No Info,2754
Air Asia,2019-05-21,Banglore,Delhi,04:55:00,07:45:00,170,0.0,No Info,3383
Air India,2019-06-27,Delhi,Cochin,16:55:00,19:15:00,1580,2.0,No Info,13591
Multiple Carriers,2019-03-21,Delhi,Cochin,17:00:00,01:35:00,515,1.0,No Info,7363
Indigo,2019-05-09,Delhi,Cochin,14:20:00,22:30:00,490,1.0,No Info,6704
Jet Airways,2019-03-12,Banglore,New Delhi,20:35:00,23:00:00,1585,1.0,In-flight meal not included,11087
Jet Airways,2019-06-12,Kolkata,Banglore,16:30:00,04:40:00,730,1.0,In-flight meal not included,6224
Indigo,2019-05-01,Chennai,Kolkata,07:55:00,10:15:00,140,0.0,No Info,3850
Air India,2019-03-12,Banglore,New Delhi,17:25:00,16:20:00,1375,2.0,No Info,12778
Multiple Carriers,2019-06-01,Delhi,Cochin,19:00:00,01:30:00,390,1.0,No Info,7530
Air Asia,2019-03-24,Kolkata,Banglore,07:35:00,19:25:00,710,1.0,No Info,6785
Jet Airways,2019-05-21,Delhi,Cochin,20:55:00,19:00:00,1325,1.0,No Info,16079
Vistara,2019-05-09,Kolkata,Banglore,17:00:00,09:05:00,965,1.0,No Info,9187
Indigo,2019-04-24,Kolkata,Banglore,20:20:00,22:55:00,155,0.0,No Info,4804
Jet Airways,2019-05-12,Kolkata,Banglore,21:10:00,04:40:00,450,1.0,No Info,13941
Indigo,2019-06-21,Banglore,Delhi,00:25:00,03:15:00,170,0.0,No Info,3419
Indigo,2019-03-03,Delhi,Cochin,06:40:00,15:30:00,530,1.0,No Info,14871
Indigo,2019-06-21,Banglore,Delhi,18:15:00,21:20:00,185,0.0,No Info,4990
Air India,2019-05-09,Kolkata,Banglore,19:00:00,11:05:00,965,1.0,No Info,6117
Indigo,2019-03-03,Delhi,Cochin,11:55:00,22:20:00,625,1.0,No Info,11600
Spicejet,2019-06-06,Kolkata,Banglore,11:15:00,18:30:00,435,1.0,No Info,10156
Air India,2019-03-06,Kolkata,Banglore,14:15:00,16:45:00,150,0.0,No Info,4960
Air India,2019-05-12,Banglore,Delhi,10:00:00,12:45:00,165,0.0,No Info,5228
Jet Airways,2019-06-06,Kolkata,Banglore,20:00:00,12:00:00,960,1.0,No Info,14571
Air India,2019-03-09,Delhi,Cochin,10:55:00,19:15:00,1940,2.0,No Info,17476
Air India,2019-06-12,Delhi,Cochin,18:45:00,19:15:00,1470,2.0,No Info,11732
Indigo,2019-06-01,Delhi,Cochin,17:05:00,22:25:00,320,1.0,No Info,7060
Jet Airways,2019-03-21,Banglore,New Delhi,08:55:00,19:10:00,615,1.0,In-flight meal not included,7832
Jet Airways,2019-06-09,Banglore,Delhi,15:15:00,18:10:00,175,0.0,In-flight meal not included,7229
Indigo,2019-06-24,Delhi,Cochin,02:00:00,07:25:00,325,1.0,No Info,5636
Multiple Carriers,2019-05-15,Delhi,Cochin,17:30:00,01:30:00,480,1.0,No Info,13727
Air India,2019-06-09,Kolkata,Banglore,09:25:00,05:35:00,1210,2.0,No Info,11642
Jet Airways,2019-03-21,Delhi,Cochin,10:45:00,18:50:00,485,2.0,No Info,11360
Air India,2019-06-06,Kolkata,Banglore,07:00:00,05:25:00,1345,2.0,No Info,12009
Jet Airways,2019-06-09,Delhi,Cochin,11:00:00,14:15:00,195,0.0,No Info,9564
Jet Airways,2019-06-06,Delhi,Cochin,15:00:00,04:25:00,805,1.0,No Info,14714
Vistara,2019-06-06,Kolkata,Banglore,20:20:00,18:50:00,1350,1.0,No Info,8820
Spicejet,2019-03-06,Delhi,Cochin,08:45:00,13:15:00,270,1.0,No Info,8488
Indigo,2019-06-09,Delhi,Cochin,06:40:00,21:00:00,860,1.0,No Info,6093
Jet Airways,2019-06-27,Delhi,Cochin,09:40:00,19:00:00,560,2.0,No Info,13014
Indigo,2019-05-12,Mumbai,Hyderabad,12:00:00,13:30:00,90,0.0,No Info,2754
Jet Airways,2019-05-21,Delhi,Cochin,14:00:00,04:25:00,865,1.0,In-flight meal not included,12898
Goair,2019-05-27,Banglore,Delhi,07:45:00,10:40:00,175,0.0,No Info,3419
Indigo,2019-05-15,Delhi,Cochin,17:10:00,01:30:00,500,1.0,No Info,6979
Jet Airways,2019-03-21,Banglore,New Delhi,07:00:00,13:15:00,375,1.0,In-flight meal not included,7832
Jet Airways,2019-04-01,Delhi,Cochin,18:15:00,19:00:00,1485,1.0,In-flight meal not included,5406
Air India,2019-03-06,Chennai,Kolkata,11:40:00,13:55:00,135,0.0,No Info,9340
Air India,2019-03-21,Banglore,New Delhi,06:55:00,23:20:00,985,1.0,No Info,6987
Goair,2019-05-12,Banglore,Delhi,07:45:00,10:40:00,175,0.0,No Info,3898
Jet Airways,2019-05-21,Kolkata,Banglore,06:30:00,10:05:00,1655,1.0,No Info,13941
Indigo,2019-04-21,Banglore,Delhi,00:30:00,03:25:00,175,0.0,No Info,3943
Jet Airways,2019-05-18,Delhi,Cochin,08:00:00,19:00:00,660,1.0,In-flight meal not included,12373
Indigo,2019-03-09,Kolkata,Banglore,22:10:00,00:55:00,165,0.0,No Info,4148
Indigo,2019-04-12,Banglore,Delhi,16:55:00,19:55:00,180,0.0,No Info,4990
Vistara,2019-03-06,Mumbai,Hyderabad,11:55:00,22:55:00,660,1.0,No Info,12395
Spicejet,2019-05-24,Mumbai,Hyderabad,22:45:00,00:15:00,90,0.0,No check-in baggage included,1965
Multiple Carriers,2019-06-15,Delhi,Cochin,07:30:00,19:15:00,705,1.0,No Info,8614
Vistara,2019-03-01,Chennai,Kolkata,07:05:00,09:20:00,135,0.0,No Info,9125
Jet Airways,2019-03-21,Delhi,Cochin,22:00:00,18:50:00,1250,1.0,In-flight meal not included,6017
Indigo,2019-06-12,Kolkata,Banglore,11:30:00,14:05:00,155,0.0,No Info,4804
Multiple Carriers,2019-03-03,Delhi,Cochin,04:00:00,13:20:00,560,1.0,No Info,14973
Vistara,2019-06-01,Delhi,Cochin,14:40:00,17:50:00,190,0.0,No Info,6741
Jet Airways,2019-03-09,Delhi,Cochin,16:00:00,04:25:00,745,1.0,No Info,16289
Jet Airways,2019-06-09,Kolkata,Banglore,08:25:00,16:20:00,475,1.0,In-flight meal not included,10844
Indigo,2019-04-09,Delhi,Cochin,10:35:00,01:30:00,895,1.0,No Info,6270
Spicejet,2019-05-03,Kolkata,Banglore,22:20:00,00:40:00,140,0.0,No Info,3873
Multiple Carriers,2019-06-01,Delhi,Cochin,09:45:00,22:30:00,765,1.0,No Info,9646
Goair,2019-04-03,Banglore,Delhi,20:55:00,23:40:00,165,0.0,No Info,4239
Air India,2019-06-06,Kolkata,Banglore,05:50:00,08:55:00,1625,2.0,No Info,12723
Jet Airways,2019-06-06,Kolkata,Banglore,18:55:00,12:00:00,1025,1.0,No Info,14571
Air India,2019-05-09,Kolkata,Banglore,10:00:00,20:25:00,625,1.0,No Info,10203
Vistara,2019-04-12,Banglore,Delhi,09:45:00,12:35:00,170,0.0,No Info,5403
Multiple Carriers,2019-06-03,Delhi,Cochin,08:00:00,19:00:00,660,1.0,No Info,12402
Indigo,2019-06-27,Banglore,Delhi,00:25:00,03:15:00,170,0.0,No Info,3419
Multiple Carriers,2019-06-12,Delhi,Cochin,10:00:00,01:30:00,930,1.0,No Info,7198
Indigo,2019-03-06,Mumbai,Hyderabad,16:55:00,18:25:00,90,0.0,No Info,4784
Goair,2019-03-06,Delhi,Cochin,06:00:00,13:20:00,440,1.0,No Info,6393
Indigo,2019-03-01,Kolkata,Banglore,17:15:00,19:55:00,160,0.0,No Info,6565
Indigo,2019-03-21,Mumbai,Hyderabad,19:05:00,20:30:00,85,0.0,No Info,2754
Vistara,2019-03-06,Delhi,Cochin,14:55:00,17:50:00,175,0.0,No Info,8001
Jet Airways,2019-06-24,Delhi,Cochin,17:30:00,12:35:00,1145,1.0,In-flight meal not included,10262
Air Asia,2019-06-06,Kolkata,Banglore,07:35:00,23:30:00,955,1.0,No Info,6810
Jet Airways,2019-03-21,Delhi,Cochin,13:00:00,18:50:00,350,1.0,In-flight meal not included,6540
Spicejet,2019-06-09,Mumbai,Hyderabad,13:15:00,14:45:00,90,0.0,No Info,2227
Jet Airways,2019-03-15,Banglore,New Delhi,05:45:00,15:15:00,570,1.0,In-flight meal not included,9134
Air India,2019-03-03,Banglore,New Delhi,08:15:00,12:15:00,240,1.0,No Info,6273
Air India,2019-03-09,Banglore,New Delhi,06:50:00,08:50:00,1560,1.0,No Info,5626
Jet Airways,2019-04-01,Kolkata,Banglore,18:55:00,20:45:00,1550,1.0,In-flight meal not included,7064
Multiple Carriers,2019-06-24,Delhi,Cochin,03:50:00,12:35:00,525,1.0,No Info,12192
Jet Airways,2019-05-21,Kolkata,Banglore,09:35:00,19:10:00,575,1.0,In-flight meal not included,12384
Jet Airways,2019-06-09,Delhi,Cochin,16:00:00,19:00:00,1620,1.0,In-flight meal not included,10577
Multiple Carriers,2019-03-27,Delhi,Cochin,15:05:00,01:35:00,630,1.0,No Info,12327
Goair,2019-03-03,Delhi,Cochin,07:00:00,12:50:00,350,1.0,No Info,7378
Air India,2019-04-01,Kolkata,Banglore,19:00:00,09:50:00,890,1.0,No Info,4227
Jet Airways,2019-05-18,Kolkata,Banglore,14:05:00,23:35:00,570,1.0,No Info,14781
Jet Airways,2019-05-27,Delhi,Cochin,15:00:00,19:00:00,1680,1.0,In-flight meal not included,12898
Jet Airways,2019-05-21,Kolkata,Banglore,20:25:00,09:45:00,800,1.0,No Info,13067
Indigo,2019-03-15,Banglore,New Delhi,14:25:00,19:25:00,300,1.0,No Info,9165
Jet Airways,2019-05-01,Kolkata,Banglore,16:30:00,04:40:00,730,1.0,In-flight meal not included,8586
Air India,2019-05-01,Kolkata,Banglore,10:00:00,16:15:00,375,1.0,No Info,10203
Indigo,2019-06-09,Banglore,Delhi,16:55:00,19:45:00,170,0.0,No Info,4823
Indigo,2019-04-15,Banglore,Delhi,18:55:00,21:50:00,175,0.0,No Info,4823
Indigo,2019-05-15,Banglore,Delhi,06:05:00,08:50:00,165,0.0,No Info,4423
Multiple Carriers,2019-05-27,Delhi,Cochin,16:00:00,01:30:00,570,1.0,In-flight meal not included,7308
Jet Airways,2019-05-15,Kolkata,Banglore,21:10:00,20:45:00,1415,1.0,In-flight meal not included,10844
Indigo,2019-06-15,Banglore,Delhi,21:15:00,00:15:00,180,0.0,No Info,3943
Jet Airways,2019-05-21,Delhi,Cochin,11:30:00,04:25:00,1015,1.0,In-flight meal not included,12898
Jet Airways,2019-03-01,Banglore,New Delhi,14:05:00,09:30:00,1165,1.0,No Info,25735
Indigo,2019-06-15,Kolkata,Banglore,20:25:00,23:10:00,165,0.0,No Info,4804
Spicejet,2019-03-01,Mumbai,Hyderabad,05:45:00,07:05:00,80,0.0,No Info,12475
Indigo,2019-05-24,Kolkata,Banglore,08:10:00,13:00:00,290,1.0,No Info,5069
Jet Airways,2019-03-03,Delhi,Cochin,16:00:00,04:25:00,745,1.0,No Info,17234
Spicejet,2019-05-18,Kolkata,Banglore,15:05:00,20:20:00,315,1.0,No Info,4963
Multiple Carriers,2019-05-21,Delhi,Cochin,10:20:00,01:30:00,910,1.0,No Info,7485
Indigo,2019-06-12,Delhi,Cochin,08:35:00,16:10:00,455,1.0,No Info,6442
Jet Airways,2019-03-24,Banglore,New Delhi,02:00:00,04:45:00,165,0.0,No Info,7229
Spicejet,2019-05-01,Kolkata,Banglore,06:55:00,09:30:00,155,0.0,No Info,3873
Multiple Carriers,2019-05-27,Delhi,Cochin,06:40:00,19:00:00,740,1.0,No Info,9315
Air India,2019-03-18,Banglore,New Delhi,11:05:00,22:10:00,665,2.0,No Info,10846
Jet Airways,2019-05-15,Kolkata,Banglore,14:05:00,20:45:00,400,1.0,No Info,14781
Jet Airways,2019-05-01,Kolkata,Banglore,08:25:00,09:20:00,1495,1.0,In-flight meal not included,9663
Multiple Carriers,2019-03-27,Delhi,Cochin,10:20:00,21:00:00,640,1.0,No Info,6637
Indigo,2019-06-06,Delhi,Cochin,20:25:00,01:30:00,305,1.0,No Info,5054
Jet Airways,2019-06-09,Kolkata,Banglore,09:35:00,18:00:00,505,1.0,No Info,14676
Air India,2019-06-12,Delhi,Cochin,12:00:00,07:40:00,1180,2.0,No Info,8603
Jet Airways,2019-06-09,Kolkata,Banglore,09:35:00,22:05:00,750,1.0,In-flight meal not included,13994
Indigo,2019-05-06,Banglore,Delhi,10:10:00,13:00:00,170,0.0,No Info,3943
Multiple Carriers,2019-06-01,Delhi,Cochin,15:00:00,01:30:00,630,1.0,No Info,13377
Indigo,2019-05-18,Delhi,Cochin,14:25:00,17:40:00,195,0.0,No Info,6015
Indigo,2019-05-18,Chennai,Kolkata,14:45:00,17:05:00,140,0.0,No Info,3858
Air India,2019-05-27,Delhi,Cochin,14:10:00,17:10:00,180,0.0,No Info,6934
Jet Airways,2019-05-06,Kolkata,Banglore,16:30:00,23:35:00,425,1.0,In-flight meal not included,11841
Jet Airways,2019-06-15,Delhi,Cochin,18:25:00,12:35:00,1090,2.0,No Info,14237
Multiple Carriers,2019-06-24,Delhi,Cochin,11:40:00,19:00:00,440,1.0,In-flight meal not included,10791
Jet Airways,2019-05-21,Delhi,Cochin,05:30:00,12:35:00,425,2.0,No Info,16274
Air India,2019-03-21,Banglore,New Delhi,05:50:00,16:20:00,630,2.0,No Info,7664
Indigo,2019-05-06,Kolkata,Banglore,04:40:00,07:15:00,155,0.0,No Info,4804
Indigo,2019-06-06,Kolkata,Banglore,11:30:00,14:05:00,155,0.0,No Info,5224
Jet Airways,2019-05-18,Banglore,Delhi,11:10:00,14:05:00,175,0.0,In-flight meal not included,5198
Jet Airways,2019-05-12,Kolkata,Banglore,08:25:00,20:45:00,740,1.0,No Info,14781
Multiple Carriers,2019-03-27,Delhi,Cochin,04:00:00,15:30:00,690,1.0,No Info,6305
Indigo,2019-05-18,Delhi,Cochin,15:10:00,20:00:00,290,1.0,No Info,6496
Indigo,2019-06-21,Kolkata,Banglore,11:30:00,14:05:00,155,0.0,No Info,4804
Multiple Carriers,2019-03-27,Delhi,Cochin,08:00:00,15:30:00,450,1.0,No Info,6673
Jet Airways,2019-03-27,Delhi,Cochin,19:10:00,19:45:00,1475,2.0,No Info,9483
Air India,2019-05-12,Kolkata,Banglore,09:25:00,18:30:00,545,1.0,No Info,8576
Jet Airways,2019-03-01,Mumbai,Hyderabad,07:10:00,08:35:00,85,0.0,No Info,17501
Air India,2019-05-21,Delhi,Cochin,05:15:00,06:50:00,1535,1.0,No Info,7480
Multiple Carriers,2019-06-12,Delhi,Cochin,08:00:00,21:00:00,780,1.0,No Info,7408
Jet Airways,2019-06-27,Delhi,Cochin,22:50:00,12:35:00,825,1.0,In-flight meal not included,10262
Indigo,2019-04-01,Kolkata,Banglore,21:00:00,02:15:00,315,1.0,No Info,5930
Jet Airways,2019-06-03,Delhi,Cochin,17:30:00,19:00:00,1530,1.0,No Info,14714
Indigo,2019-06-12,Banglore,Delhi,10:10:00,13:00:00,170,0.0,No Info,3943
Air India,2019-06-12,Delhi,Cochin,06:50:00,07:40:00,1490,2.0,No Info,13381
Jet Airways,2019-06-12,Kolkata,Banglore,20:00:00,09:20:00,800,1.0,In-flight meal not included,8529
Air India,2019-05-03,Chennai,Kolkata,11:40:00,13:55:00,135,0.0,No Info,4667
Indigo,2019-05-09,Delhi,Cochin,17:10:00,01:30:00,500,1.0,No Info,8330
Jet Airways,2019-05-18,Kolkata,Banglore,16:30:00,19:50:00,1640,1.0,In-flight meal not included,10844
Air India,2019-06-24,Delhi,Cochin,13:15:00,09:25:00,1210,2.0,No Info,8839
Multiple Carriers,2019-06-27,Delhi,Cochin,10:20:00,19:00:00,520,1.0,No Info,11264
Jet Airways,2019-06-03,Delhi,Cochin,17:30:00,04:25:00,655,1.0,No Info,14714
Jet Airways,2019-03-18,Banglore,New Delhi,18:40:00,07:40:00,780,1.0,In-flight meal not included,10972
Indigo,2019-04-21,Kolkata,Banglore,15:15:00,17:45:00,150,0.0,No Info,5224
Multiple Carriers,2019-06-24,Delhi,Cochin,14:00:00,21:00:00,420,1.0,No Info,13587
Indigo,2019-06-15,Chennai,Kolkata,07:55:00,10:15:00,140,0.0,No Info,3850
Air Asia,2019-06-21,Kolkata,Banglore,10:20:00,12:55:00,155,0.0,No Info,3807
Air India,2019-03-18,Banglore,New Delhi,13:20:00,16:10:00,170,0.0,No Info,4441
Jet Airways,2019-06-12,Delhi,Cochin,12:15:00,04:25:00,970,2.0,No Info,14300
Jet Airways,2019-05-27,Delhi,Cochin,05:30:00,04:25:00,1375,2.0,No Info,15129
Jet Airways,2019-05-09,Kolkata,Banglore,10:20:00,17:35:00,435,1.0,No Info,8355
Air India,2019-05-01,Kolkata,Banglore,10:00:00,13:45:00,1665,2.0,No Info,15164
Jet Airways,2019-05-21,Kolkata,Banglore,20:25:00,22:05:00,1540,1.0,No Info,13067
Air India,2019-06-09,Delhi,Cochin,19:45:00,19:15:00,1410,2.0,No Info,10178
Indigo,2019-03-18,Mumbai,Hyderabad,16:55:00,18:25:00,90,0.0,No Info,3175
Multiple Carriers,2019-05-15,Delhi,Cochin,03:50:00,12:35:00,525,1.0,No Info,10197
Air India,2019-06-12,Delhi,Cochin,14:25:00,19:15:00,1730,2.0,No Info,13381
Air Asia,2019-06-15,Delhi,Cochin,07:55:00,22:25:00,870,1.0,No Info,6253
Jet Airways,2019-04-27,Banglore,Delhi,19:50:00,22:50:00,180,0.0,No Info,7229
Jet Airways,2019-05-01,Delhi,Cochin,23:05:00,19:00:00,1195,2.0,No Info,15129
Air India,2019-03-15,Banglore,New Delhi,10:30:00,11:20:00,1490,1.0,No Info,7013
Indigo,2019-05-09,Delhi,Cochin,06:50:00,16:10:00,560,1.0,No Info,6442
Jet Airways,2019-05-21,Delhi,Cochin,07:05:00,12:35:00,330,1.0,In-flight meal not included,12898
Jet Airways,2019-05-15,Kolkata,Banglore,16:30:00,12:00:00,1170,1.0,In-flight meal not included,10844
Jet Airways,2019-03-01,Banglore,New Delhi,11:40:00,07:40:00,1200,1.0,No Info,22270
Indigo,2019-05-15,Delhi,Cochin,11:25:00,21:00:00,575,1.0,No Info,6979
Jet Airways,2019-06-15,Delhi,Cochin,06:45:00,04:25:00,1300,2.0,In-flight meal not included,10919
Goair,2019-04-01,Kolkata,Banglore,16:40:00,00:15:00,455,1.0,No Info,5171
Vistara,2019-05-24,Kolkata,Banglore,17:00:00,18:50:00,1550,1.0,No Info,9870
Jet Airways,2019-06-06,Delhi,Cochin,09:00:00,19:00:00,600,1.0,No Info,14714
Multiple Carriers,2019-03-06,Delhi,Cochin,07:30:00,18:50:00,680,1.0,No Info,15135
Indigo,2019-03-01,Banglore,New Delhi,18:25:00,21:20:00,175,0.0,No Info,12649
Air India,2019-03-03,Delhi,Cochin,06:10:00,23:00:00,1010,1.0,No Info,13002
Jet Airways,2019-06-09,Delhi,Cochin,11:30:00,19:00:00,450,1.0,No Info,14714
Goair,2019-04-03,Delhi,Cochin,07:25:00,13:35:00,370,1.0,No Info,4106
Goair,2019-04-12,Banglore,Delhi,11:40:00,14:30:00,170,0.0,No Info,4937
Jet Airways,2019-03-15,Banglore,New Delhi,16:55:00,00:45:00,470,1.0,No Info,21934
Indigo,2019-06-15,Banglore,Delhi,07:10:00,10:05:00,175,0.0,No Info,4823
Jet Airways,2019-05-06,Kolkata,Banglore,17:00:00,23:35:00,395,1.0,In-flight meal not included,10703
Jet Airways,2019-06-06,Banglore,Delhi,08:20:00,11:20:00,180,0.0,In-flight meal not included,6478
Multiple Carriers,2019-03-06,Delhi,Cochin,07:00:00,15:30:00,510,1.0,No Info,15603
Air India,2019-04-06,Delhi,Cochin,20:40:00,09:25:00,765,1.0,No Info,5117
Indigo,2019-05-24,Banglore,Delhi,08:30:00,11:20:00,170,0.0,No Info,4823
Jet Airways,2019-05-01,Delhi,Cochin,19:10:00,19:00:00,1430,2.0,No Info,15129
Multiple Carriers,2019-06-03,Delhi,Cochin,06:00:00,19:15:00,795,1.0,No Info,9736
Indigo,2019-06-01,Delhi,Cochin,18:35:00,01:30:00,415,1.0,No Info,6628
Jet Airways,2019-04-06,Banglore,Delhi,18:55:00,22:00:00,185,0.0,No Info,7229
Jet Airways,2019-03-06,Banglore,New Delhi,22:50:00,21:20:00,1350,1.0,No Info,17471
Air India,2019-05-18,Delhi,Cochin,23:00:00,07:40:00,520,1.0,No Info,8372
Jet Airways,2019-06-27,Delhi,Cochin,08:10:00,12:35:00,1705,2.0,No Info,14300
Air India,2019-05-12,Kolkata,Banglore,05:50:00,08:55:00,1625,2.0,No Info,11411
Jet Airways,2019-05-24,Kolkata,Banglore,16:30:00,12:00:00,1170,1.0,In-flight meal not included,10844
Air India,2019-03-06,Delhi,Cochin,12:00:00,07:40:00,1180,2.0,No Info,14746
Indigo,2019-04-24,Banglore,Delhi,16:55:00,19:55:00,180,0.0,No Info,4823
Air India,2019-05-15,Kolkata,Banglore,05:50:00,08:55:00,1625,2.0,No Info,12723
Indigo,2019-04-18,Banglore,Delhi,01:30:00,04:15:00,165,0.0,No Info,4591
Jet Airways,2019-03-06,Banglore,New Delhi,16:55:00,05:05:00,730,1.0,No Info,16736
Indigo,2019-06-18,Mumbai,Hyderabad,19:05:00,20:35:00,90,0.0,No Info,2754
Jet Airways,2019-03-06,Banglore,New Delhi,08:00:00,08:15:00,1455,1.0,No Info,17996
Air India,2019-05-15,Kolkata,Banglore,20:30:00,20:25:00,1435,1.0,No Info,10203
Jet Airways,2019-03-24,Kolkata,Banglore,21:10:00,23:25:00,1575,1.0,In-flight meal not included,10031
Jet Airways,2019-03-24,Kolkata,Banglore,06:30:00,04:45:00,1335,1.0,No Info,13759
Vistara,2019-05-12,Delhi,Cochin,14:40:00,17:50:00,190,0.0,No Info,6216
Indigo,2019-04-01,Kolkata,Banglore,14:25:00,16:55:00,150,0.0,No Info,4174
Jet Airways,2019-05-06,Kolkata,Banglore,14:05:00,23:35:00,570,1.0,No Info,15149
Multiple Carriers,2019-05-27,Delhi,Cochin,18:00:00,01:30:00,450,1.0,No Info,7198
Jet Airways,2019-03-01,Banglore,New Delhi,22:50:00,07:40:00,530,1.0,No Info,26890
Multiple Carriers,2019-06-27,Delhi,Cochin,10:00:00,19:00:00,540,1.0,No Info,12192
Jet Airways,2019-05-21,Delhi,Cochin,14:00:00,12:35:00,1355,1.0,In-flight meal not included,12898
Multiple Carriers,2019-06-01,Delhi,Cochin,08:45:00,19:00:00,615,1.0,No Info,12524
Indigo,2019-04-12,Kolkata,Banglore,21:25:00,00:05:00,160,0.0,No Info,4174
Jet Airways,2019-04-21,Banglore,Delhi,06:00:00,08:45:00,165,0.0,No Info,7229
Jet Airways,2019-06-27,Delhi,Cochin,09:40:00,12:35:00,1615,2.0,In-flight meal not included,11118
Jet Airways,2019-05-09,Delhi,Cochin,11:30:00,19:00:00,450,1.0,In-flight meal not included,12373
Spicejet,2019-05-12,Mumbai,Hyderabad,13:15:00,14:45:00,90,0.0,No Info,2227
Vistara,2019-05-24,Kolkata,Banglore,20:20:00,20:20:00,1440,1.0,No Info,9345
Indigo,2019-04-15,Banglore,Delhi,00:30:00,03:25:00,175,0.0,No Info,4284
Spicejet,2019-06-24,Banglore,Delhi,05:55:00,08:35:00,160,0.0,No Info,3625
Jet Airways,2019-04-18,Banglore,Delhi,15:15:00,18:10:00,175,0.0,In-flight meal not included,5198
Jet Airways,2019-04-09,Delhi,Cochin,09:40:00,04:25:00,1125,2.0,No Info,10909
Indigo,2019-06-09,Delhi,Cochin,06:50:00,16:10:00,560,1.0,No Info,6442
Goair,2019-06-27,Delhi,Cochin,07:00:00,12:55:00,355,1.0,No Info,5281
Multiple Carriers,2019-05-21,Delhi,Cochin,07:30:00,19:00:00,690,1.0,No Info,9794
Air India,2019-06-15,Delhi,Cochin,05:55:00,19:15:00,800,2.0,No Info,12646
Vistara,2019-03-27,Delhi,Cochin,06:00:00,09:10:00,190,0.0,No Info,4851
Spicejet,2019-03-09,Banglore,New Delhi,05:45:00,08:35:00,170,0.0,No Info,7110
Jet Airways,2019-06-18,Banglore,Delhi,11:10:00,14:05:00,175,0.0,In-flight meal not included,5769
Jet Airways,2019-05-12,Kolkata,Banglore,08:25:00,04:40:00,1215,1.0,No Info,13941
Jet Airways,2019-03-12,Banglore,New Delhi,18:55:00,20:20:00,1525,1.0,In-flight meal not included,11087
Jet Airways,2019-05-21,Kolkata,Banglore,08:25:00,16:20:00,475,1.0,No Info,14781
Vistara,2019-04-24,Delhi,Cochin,14:40:00,17:50:00,190,0.0,No Info,6216
Jet Airways,2019-05-24,Kolkata,Banglore,16:30:00,09:20:00,1010,1.0,No Info,14178
Spicejet,2019-06-06,Chennai,Kolkata,08:20:00,10:35:00,135,0.0,No Info,3597
